{
    "type": "LQR",
    "Q": [
        10,
        10,
        1,
        1
    ],
    "R": 1.0,
    "Eigenvalue": [
        [
            0.6515003045327343,
            0.0
        ],
        [
            0.9901635869481272,
            0.0
        ],
        [
            0.9439993837158909,
            0.012100305707150151
        ],
        [
            0.9439993837158909,
            -0.012100305707150151
        ]
    ],
    "Gain": [
        94.0521188267068,
        15.246905993796664,
        0.7812727861749064,
        1.227023026785208
    ]
}