{
    "type": "LQR",
    "Q": [
        10,
        10,
        1,
        1
    ],
    "R": 1.0,
    "Eigenvalue_continuous": [
        [
            -43.162824680944595,
            0.0
        ],
        [
            -0.988502397902019,
            0.0
        ],
        [
            -5.755095323268147,
            1.2814379849015656
        ],
        [
            -5.755095323268147,
            -1.2814379849015656
        ]
    ],
    "Eigenvalue_discrete": [
        [
            0.6515003045327351,
            0.0
        ],
        [
            0.9901635869481277,
            0.0
        ],
        [
            0.9439993837159053,
            0.012100305707146384
        ],
        [
            0.9439993837159053,
            -0.012100305707146384
        ]
    ],
    "Gain_continuous": [
        116.11973638050556,
        18.86085645615379,
        1.0000000000000133,
        1.5214221038962432
    ],
    "Gain_discrete": [
        94.05211882668395,
        15.24690599379311,
        0.7812727861745165,
        1.2270230267847384
    ]
}